trade-off,24,2026-07-11
scope creep,41,2026-07-11
sign-off,41,2026-07-11
slips,41,2026-07-11
solar panels,42,2026-07-11
savings,42,2026-07-11
capacity,42,2026-07-11
tariffs,42,2026-07-11
efficiency,42,2026-07-11
statement,43,2026-07-11
empathetic,43,2026-07-11
timing,43,2026-07-11
public,43,2026-07-11
internal,43,2026-07-11
coordinate,43,2026-07-11
support,44,2026-07-11
shorter,44,2026-07-11
working week,44,2026-07-11
trial,44,2026-07-11
drop off,45,2026-07-11
cleaner,46,2026-07-11
blind spot,48,2026-07-11
intact,48,2026-07-11
due diligence,49,2026-07-11
board,49,2026-07-11
vote,49,2026-07-11
culture,49,2026-07-11
deal-making,49,2026-07-11
proposal,49,2026-07-11
practical,50,2026-07-11
skills,50,2026-07-11
everyday,50,2026-07-11
learning,50,2026-07-11
healthy,10,2026-07-11
exhausting,10,2026-07-11
switch off,10,2026-07-11
sort code,15,2026-07-11
lectures,22,2026-07-11
distance learning,22,2026-07-11
rush hour,29,2026-07-11
season ticket,31,2026-07-11
top up,31,2026-07-11
in stock,32,2026-07-11
out of stock,32,2026-07-11
free shipping,32,2026-07-11
gift card,32,2026-07-11
gut feeling,34,2026-07-11
digital native,36,2026-07-11
guest list,37,2026-07-11
seating plan,37,2026-07-11
time off,39,2026-07-11
micromanages,39,2026-07-11
drift apart,40,2026-07-11
video call,42,2026-07-11
home office,42,2026-07-11
work-life balance,42,2026-07-11
cabin fever,42,2026-07-11
tidy up,43,2026-07-11
pitch in,43,2026-07-11
fair share,43,2026-07-11
reference number,44,2026-07-11
transferable skills,45,2026-07-11
salary cut,45,2026-07-11
cover letter,45,2026-07-11
leap of faith,45,2026-07-11
entry level,45,2026-07-11
young people,36,2026-07-11
gift card,13,2026-07-11
gift box,13,2026-07-11
warm up,24,2026-07-11
improve,24,2026-07-11
e-ticket,28,2026-07-11
key card,35,2026-07-11
check-in,35,2026-07-11
sea view,35,2026-07-11
exit interview,3,2026-07-11
career path,3,2026-07-11
psychological safety,3,2026-07-11
knowledge transfer,3,2026-07-11
role clarity,3,2026-07-11
vision setting,4,2026-07-11
morale building,4,2026-07-11
self preservation,5,2026-07-11
workforce reduction,7,2026-07-11
transition support,7,2026-07-11
notice period,7,2026-07-11
self aware,8,2026-07-11
comfort zone,8,2026-07-11
self reflection,8,2026-07-11
inner work,8,2026-07-11
growth mindset,8,2026-07-11
identity shift,8,2026-07-11
self doubt,8,2026-07-11
self compassion,8,2026-07-11
role redesign,10,2026-07-11
automation proof,10,2026-07-11
hybrid work,10,2026-07-11
remote first,10,2026-07-11
gig work,10,2026-07-11
labor market,10,2026-07-11
human centered,10,2026-07-11
productivity shift,10,2026-07-11
present moment,11,2026-07-11
purpose driven,11,2026-07-11
inner peace,11,2026-07-11
funding model,12,2026-07-11
stakeholder impact,12,2026-07-11
clause four,12,2026-07-11
consultation period,12,2026-07-11
implementation gap,12,2026-07-11
policy design,12,2026-07-11
fiscal burden,12,2026-07-11
compliance enforcement,12,2026-07-11
phased plan,12,2026-07-11
in betweenness,13,2026-07-11
code switching,13,2026-07-11
home making,13,2026-07-11
self authorship,13,2026-07-11
cultural memory,13,2026-07-11
legacy building,14,2026-07-11
values driven,14,2026-07-11
digital age,15,2026-07-11
online interaction,15,2026-07-11
attention span,15,2026-07-11
echo chamber,15,2026-07-11
screen time,15,2026-07-11
contract clause,16,2026-07-11
leverage point,16,2026-07-11
term sheet,16,2026-07-11
closing conditions,16,2026-07-11
divergent thinking,17,2026-07-11
creative block,17,2026-07-11
originality risk,17,2026-07-11
power dynamic,18,2026-07-11
authority abuse,18,2026-07-11
concentration of power,18,2026-07-11
ethical restraint,18,2026-07-11
checks and balances,18,2026-07-11
public interest,18,2026-07-11
accountability gap,18,2026-07-11
institutional control,18,2026-07-11
unchecked power,18,2026-07-11
moral authority,18,2026-07-11
identity renewal,19,2026-07-11
financial collapse,19,2026-07-11
second act,19,2026-07-11
vocational pivot,19,2026-07-11
reinvention arc,19,2026-07-11
career reset,19,2026-07-11
personal rebuild,19,2026-07-11
post collapse,19,2026-07-11
trustworthiness repair,20,2026-07-11
vulnerability risk,20,2026-07-11
boundary setting,20,2026-07-11
repair work,20,2026-07-11
emotional risk,20,2026-07-11
achievement metric,21,2026-07-11
status anxiety,21,2026-07-11
self worth,21,2026-07-11
hollow success,21,2026-07-11
fulfilment gap,21,2026-07-11
prestige chasing,21,2026-07-11
success script,21,2026-07-11
inner validation,21,2026-07-11
life design,21,2026-07-11
personal definition,21,2026-07-11
self defined success,21,2026-07-11
persuasion ethics,22,2026-07-11
informed consent,22,2026-07-11
emotional appeal,22,2026-07-11
hidden agenda,22,2026-07-11
influence tactic,22,2026-07-11
ethical boundary,22,2026-07-11
credibility gap,22,2026-07-11
audience awareness,22,2026-07-11
bias exploitation,22,2026-07-11
deceptive intent,22,2026-07-11
respect for agency,22,2026-07-11
ethical persuasion,22,2026-07-11
cautious optimism,23,2026-07-11
grounded hope,23,2026-07-11
resilience mindset,23,2026-07-11
optimism bias,23,2026-07-11
constructive realism,23,2026-07-11
sober hope,23,2026-07-11
risk aware,23,2026-07-11
wisdom practice,24,2026-07-11
lived experience,24,2026-07-11
good judgment,24,2026-07-11
life lesson,24,2026-07-11
reflective practice,24,2026-07-11
intellectual humility,24,2026-07-11
curiosity driven,24,2026-07-11
wise choice,24,2026-07-11
individual liberty,25,2026-07-11
common good,25,2026-07-11
social fabric,25,2026-07-11
mutual obligation,25,2026-07-11
collective duty,25,2026-07-11
autonomy rights,25,2026-07-11
community minded,25,2026-07-11
cultural balance,25,2026-07-11
self reliance,25,2026-07-11
social contract,25,2026-07-11
shared responsibility,25,2026-07-11
time management,26,2026-07-11
opportunity cost,26,2026-07-11
regret test,26,2026-07-11
life drift,26,2026-07-11
priority setting,26,2026-07-11
finite resource,26,2026-07-11
intentional living,26,2026-07-11
no by default,26,2026-07-11
attention budget,26,2026-07-11
urgent important,26,2026-07-11
time blocking,26,2026-07-11
calendar discipline,26,2026-07-11
deep work,26,2026-07-11
life priority,26,2026-07-11
strategic assumption,27,2026-07-11
demand forecast,27,2026-07-11
capital intensive,27,2026-07-11
downside risk,27,2026-07-11
phased growth,27,2026-07-11
market downturn,27,2026-07-11
core business,27,2026-07-11
expansion plan,27,2026-07-11
strategic drift,27,2026-07-11
resource allocation,27,2026-07-11
risk mitigation,27,2026-07-11
strategic overreach,27,2026-07-11
execution risk,27,2026-07-11
cash burn,27,2026-07-11
culture loss,28,2026-07-11
cultural preservation,28,2026-07-11
local tradition,28,2026-07-11
global culture,28,2026-07-11
cultural hybrid,28,2026-07-11
authenticity preservation,28,2026-07-11
identity preservation,28,2026-07-11
cultural exchange,28,2026-07-11
heritage protection,28,2026-07-11
cultural continuity,28,2026-07-11
tradition keeping,28,2026-07-11
place based,28,2026-07-11
ambition ethics,29,2026-07-11
ethical line,29,2026-07-11
principled ambition,29,2026-07-11
success at any cost,29,2026-07-11
moral compass,29,2026-07-11
seductive rationalization,29,2026-07-11
conscience check,29,2026-07-11
self advancement,29,2026-07-11
collateral damage,29,2026-07-11
moral ambition,29,2026-07-11
ethical constraint,29,2026-07-11
lifetime lesson,30,2026-07-11
taken for granted,30,2026-07-11
gratitude late,30,2026-07-11
worry less,30,2026-07-11
fuller life,30,2026-07-11
final reflection,30,2026-07-11
legacy regret,30,2026-07-11
life review,30,2026-07-11
mortality awareness,30,2026-07-11
rock bottom,31,2026-07-11
bounce back,31,2026-07-11
failure stigma,31,2026-07-11
productive failure,31,2026-07-11
fail forward,31,2026-07-11
safety net,32,2026-07-11
poverty line,32,2026-07-11
welfare trap,32,2026-07-11
taxpayer funded,32,2026-07-11
purchasing power,32,2026-07-11
pilot program,32,2026-07-11
guaranteed income,32,2026-07-11
work ethic,32,2026-07-11
cost neutral,32,2026-07-11
nostalgia pull,33,2026-07-11
place attachment,33,2026-07-11
chronic stress,34,2026-07-11
running on empty,34,2026-07-11
compassion fatigue,34,2026-07-11
emotionally drained,34,2026-07-11
burnout recovery,34,2026-07-11
rest deficit,34,2026-07-11
control illusion,35,2026-07-11
letting go,35,2026-07-11
agency limits,35,2026-07-11
outcome fixation,35,2026-07-11
market rate,36,2026-07-11
cost of living,36,2026-07-11
merit based,36,2026-07-11
equity grant,36,2026-07-11
performance review,36,2026-07-11
bonus structure,36,2026-07-11
pay band,36,2026-07-11
promotion track,36,2026-07-11
salary bump,36,2026-07-11
raise request,36,2026-07-11
track record,36,2026-07-11
live up to,37,2026-07-11
parental pressure,37,2026-07-11
measure up,37,2026-07-11
approval seeking,37,2026-07-11
benchmark of success,37,2026-07-11
people pleasing,37,2026-07-11
expectation weight,37,2026-07-11
conditional love,37,2026-07-11
fall short,37,2026-07-11
self imposed,37,2026-07-11
chilling effect,38,2026-07-11
protected speech,38,2026-07-11
self censorship,38,2026-07-11
slippery slope,38,2026-07-11
editorial control,38,2026-07-11
marketplace of ideas,38,2026-07-11
resentment lingering,39,2026-07-11
olive branch,39,2026-07-11
reach out,39,2026-07-11
drifted apart,39,2026-07-11
rebuild trust,39,2026-07-11
patch things up,39,2026-07-11
memory lane,40,2026-07-11
longing for past,40,2026-07-11
golden age,40,2026-07-11
sepia toned,40,2026-07-11
time capsule,40,2026-07-11
days gone by,40,2026-07-11
ache of memory,40,2026-07-11
sounding board,41,2026-07-11
role model,41,2026-07-11
feedback loop,41,2026-07-11
blind spot,41,2026-07-11
tough love,41,2026-07-11
wisdom transfer,41,2026-07-11
professional growth,41,2026-07-11
hands off,41,2026-07-11
stretch assignment,41,2026-07-11
pay it forward,41,2026-07-11
unlock potential,41,2026-07-11
guiding hand,41,2026-07-11
invest in people,41,2026-07-11
black box,42,2026-07-11
automation risk,42,2026-07-11
existential risk,42,2026-07-11
job displacement,42,2026-07-11
ethical guardrails,42,2026-07-11
unintended consequences,42,2026-07-11
machine learning,42,2026-07-11
decision making,42,2026-07-11
bias in data,42,2026-07-11
regulation lag,42,2026-07-11
accountability void,42,2026-07-11
surveillance creep,42,2026-07-11
career change,43,2026-07-11
sunk cost,43,2026-07-11
sabbatical leap,43,2026-07-11
pay cut,43,2026-07-11
passion driven,43,2026-07-11
career capital,43,2026-07-11
dead end job,43,2026-07-11
career pivot,43,2026-07-11
new chapter,43,2026-07-11
financial cushion,43,2026-07-11
risk averse,43,2026-07-11
late bloomer,43,2026-07-11
decision fatigue,44,2026-07-11
option overload,44,2026-07-11
analysis paralysis,44,2026-07-11
second guessing,44,2026-07-11
buyers remorse,44,2026-07-11
narrow down,44,2026-07-11
freedom vs constraint,44,2026-07-11
choice anxiety,44,2026-07-11
regret aversion,44,2026-07-11
default option,44,2026-07-11
gut choice,44,2026-07-11
weigh up,44,2026-07-11
commit and move,44,2026-07-11
grieving process,45,2026-07-11
acceptance stage,45,2026-07-11
numb with grief,45,2026-07-11
closure ritual,45,2026-07-11
wave of grief,45,2026-07-11
resilience through loss,45,2026-07-11
gradual healing,45,2026-07-11
support network,45,2026-07-11
honor the memory,45,2026-07-11
raw with grief,45,2026-07-11
level playing field,46,2026-07-11
social mobility,46,2026-07-11
head start,46,2026-07-11
luck versus effort,46,2026-07-11
equal opportunity,46,2026-07-11
inherited advantage,46,2026-07-11
fairness myth,46,2026-07-11
upward mobility,46,2026-07-11
talent and grit,46,2026-07-11
unequal start,46,2026-07-11
class ceiling,46,2026-07-11
birth lottery,46,2026-07-11
effort blind,46,2026-07-11
middle ground,47,2026-07-11
give and take,47,2026-07-11
meet halfway,47,2026-07-11
common ground,47,2026-07-11
dig in,47,2026-07-11
reconcile differences,47,2026-07-11
horse trading,47,2026-07-11
principled flexibility,47,2026-07-11
split the difference,47,2026-07-11
bend a little,47,2026-07-11
mutual concession,47,2026-07-11
hold firm,47,2026-07-11
contingency plan,48,2026-07-11
risk tolerance,48,2026-07-11
embrace the unknown,48,2026-07-11
comfort with ambiguity,48,2026-07-11
what if,48,2026-07-11
worst case,48,2026-07-11
navigate uncertainty,48,2026-07-11
open ended,48,2026-07-11
calculated risk,48,2026-07-11
tolerate ambiguity,48,2026-07-11
the unknown,48,2026-07-11
fork in the road,48,2026-07-11
uncharted waters,48,2026-07-11
impossibly high,49,2026-07-11
self criticism,49,2026-07-11
paralysis by perfection,49,2026-07-11
standards too high,49,2026-07-11
never satisfied,49,2026-07-11
done is better,49,2026-07-11
fear of mistakes,49,2026-07-11
harsh inner critic,49,2026-07-11
diminishing returns,49,2026-07-11
self flagellation,49,2026-07-11
tweak endlessly,49,2026-07-11
nest egg,50,2026-07-11
golden years,50,2026-07-11
purpose in retirement,50,2026-07-11
encore career,50,2026-07-11
financial independence,50,2026-07-11
active aging,50,2026-07-11
redefine retirement,50,2026-07-11
bucket list,50,2026-07-11
fixed income,50,2026-07-11
staying active,50,2026-07-11
phased retirement,50,2026-07-11
later life,50,2026-07-11
second wind,50,2026-07-11
slow down,50,2026-07-11
post career,50,2026-07-11
twilight years,50,2026-07-11
giving back,50,2026-07-11
purpose,11,2026-07-11
curious,24,2026-07-11
choose with care,24,2026-07-11
late gratitude,30,2026-07-11
live fully,30,2026-07-11
legacy,30,2026-07-11
condolences,45,2026-07-11
honor her memory,45,2026-07-11
news,7,2026-07-11
