tradeoff,24,2026-07-11
scope-creep,41,2026-07-11
signoff,41,2026-07-11
slippage,41,2026-07-11
photovoltaic,42,2026-07-11
kilowatt,42,2026-07-11
megawatt,42,2026-07-11
tariff,42,2026-07-11
converter,42,2026-07-11
disclosure,43,2026-07-11
empathy,43,2026-07-11
wording,43,2026-07-11
broadcast,43,2026-07-11
recipients,43,2026-07-11
coordination,43,2026-07-11
preference,44,2026-07-11
shortened,44,2026-07-11
weekday,44,2026-07-11
monitoring,44,2026-07-11
drop-off,45,2026-07-11
cleanliness,46,2026-07-11
blindspot,48,2026-07-11
receptive,48,2026-07-11
due-diligence,49,2026-07-11
equity,49,2026-07-11
boardroom,49,2026-07-11
portfolio,49,2026-07-11
dealmaking,49,2026-07-11
fluency,50,2026-07-11
mastery,50,2026-07-11
skillset,50,2026-07-11
implementation,50,2026-07-11
healthier,10,2026-07-11
exhaustion,10,2026-07-11
switch-off,10,2026-07-11
sortcode,15,2026-07-11
lecturer,22,2026-07-11
distance-learning,22,2026-07-11
rush-hour,29,2026-07-11
season-ticket,31,2026-07-11
top-up,31,2026-07-11
in-stock,32,2026-07-11
out-of-stock,32,2026-07-11
free-shipping,32,2026-07-11
gift-card,32,2026-07-11
gut-feeling,34,2026-07-11
digital-native,36,2026-07-11
guest-list,37,2026-07-11
seating-plan,37,2026-07-11
time-off,39,2026-07-11
micromanaged,39,2026-07-11
drift-apart,40,2026-07-11
video-call,42,2026-07-11
home-office,42,2026-07-11
work-life-balance,42,2026-07-11
cabin-fever,42,2026-07-11
tidy-up,43,2026-07-11
pitch-in,43,2026-07-11
fair-share,43,2026-07-11
reference-number,44,2026-07-11
transferable-skills,45,2026-07-11
salary-cut,45,2026-07-11
cover-letter,45,2026-07-11
leap-of-faith,45,2026-07-11
entry-level,45,2026-07-11
youth,36,2026-07-11
giftcard,13,2026-07-11
giftbox,13,2026-07-11
warmup,24,2026-07-11
sporty,24,2026-07-11
eticket,28,2026-07-11
keycard,35,2026-07-11
checkin,35,2026-07-11
seaview,35,2026-07-11
